key,English,
about,About,
accept,Accept,
account,Account,
account_closing_tips,"This page will not be displayed after closing, please remember the account information",
account_disactive_content,"Your account is currently unavailable, please contact your service provider.",
account_exit_content,Your account is already signed in on %1$s.,
account_experience_content,Your account has expired. Please log in again.,
account_invalid_content,"Invalid identity information, please login again.",
account_is_locked,"Account is locked, unlock in %d minutes.",
account_is_not_ready,Your account is not yet ready.,
account_login_have_one_chance,"Account or Password is wrong,\nyou have one more chances,\naccount will be locked.",
account_login_have_two_chance,"Account or Password is wrong,\nyou have two more chances,\naccount will be locked.",
account_setting,Account Setting,
account_unavailable,Account Unavailable,
account_unbind_family,Please log in again.,
account_will_changed,you will unbind this family and log out of the app.,
account_will_deleted,Your account will be deleted.,
acoustic_echo_cancellation,Acoustic Echo Cancellation,
add_air_conditioner,Add Air Conditioner,
add_device,Add Device,
add_device_choose_tips,Please select the device you want to add.,
add_device_common_title,Add %s,
add_device_ecobee_api_key_input_tips,Please enter the device's API key to establish connection.,
add_device_ecobee_authorize_input_tips,Please go to the ecobee Consumer Portal to complete authorization using the PIN below.,
add_device_exit,"Stop adding device, confirm exit?",
add_device_fibaro_input_tips,"Please enter the URL, Username and Password  to connect to the device.",
add_device_guide_confirm,Make sure the indicator is blinking rapidly.,
add_device_guide_content,"If the indicator is blinking rapidly, please skip the reset step:
1.Power on the device;
2.Press and hold the Reset button for at least 5 seconds until indicator light flashes..(Subject to the usermanual);
3.Make sure that the indicator is blinking rapidly;
Note:please complete the network configuration within 2 minutes after resetting the device.",
add_device_guide_net,Follow onscreen instructions to perform network pairing.,
add_device_guide_title,Reset the device first.,
add_device_ring_code_tips,Please enter the verification code found in your Ring registration Email.,
add_device_ring_user_tips,Please enter the username and password to connect to the device.,
add_device_scan,Scanning for nearby devices…,
add_device_scan_again,Scan Again,
add_device_scan_tips,Please make sure the device is connected to the network.,
add_device_scan_tips_2,Keep the device as close as possible to the gateway to be added,
add_device_somfy_input_tips,Please enter the System ID and IP Address.,
add_device_somfy_tips,Use Somfy MyLink App to obtain your System ID and the IP address.,
add_devices,Add Devices,
add_family_member,Add Family Member,
add_favorite_device,Add favorite device,
add_favorite_scene,Add favorite scene,
add_room,Add Room,
add_scene,Add scene,
add_security,Add security,
add_third_party_device_prompt_1,"To pair with the %s device,do as the following:\n\n1.Follow the device instructions to add it to the %s app.\n\n2.Ensure that the network used during the device setup is on the same local area network (LAN) as the panel.",
add_third_party_device_prompt_2,"To pair with the %s device,do as the following:\n\nEnsure that the Wi-Fi network used during the device setup is on the same local area network (LAN) as the panel.",
add_to_instagram,Do you want to add it to the screen?,
add_tv,Add TV,
adding_failed,Failed to add device. Please try again.,
adding_retry_tips,Please try again.,
adding_succeeded,Add device successfully,
advance_option,Advanced Options,
advance_option_obtain,Obtain,
advance_option_tips,Please enter the cloud server ID or the MAC address of the device that has been registered in the sever to obtain the server IP and the port before logging in the BelaHome app.,
advance_option_tv_port,Port,
advance_option_tv_server,Server,
advanced_settings,Advanced Settings,
agree,Agree,
aiddescription,aiddescription,
air_quality,Air Quality,
alarm,Alarm,
alarm_co_device_fault,Device Fault,
alarm_co_status,CO Alarm,
alarm_code_door_unlock,Door Unlock,
alarm_code_drmagnet,Drmagnet,
alarm_code_gas,Gas,
alarm_code_infrared,Infrared,
alarm_code_smoke,Smoke,
alarm_code_sos,SOS,
alarm_code_tamper,Tamper,
alarm_code_urgency,Urgency,
alarm_flood,Flood Alarm,
alarm_label_ir_dected,Motion Detected,
alarm_label_ir_not_dected,No Motion Detected,
alarm_location_balcony,Balcony,
alarm_location_bathroom,Bathroom,
alarm_location_bedroom,Bedroom,
alarm_location_door,Door,
alarm_location_gate,Gate,
alarm_location_guest_room,Guest Room,
alarm_location_hall,Hall,
alarm_location_kitchen,Kitchen,
alarm_location_study,Home Office,
alarm_location_window,Window,
alarm_lower,alarm,
alarm_siren,Alarm Siren,
alarm_zone_area1,Area1,
alarm_zone_area2,Area2,
alarm_zone_area3,Area3,
alarm_zone_area4,Area4,
alarm_zone_area5,Area5,
alarm_zone_area6,Area6,
alarm_zone_area7,Area7,
alarm_zone_area8,Area8,
album,Album,
all_account,All account,
all_close,All Close,
all_curtain_lower,all curtain,
all_door_lower,all door/window,
all_door_window_lower,all door/window,
all_fan_lower,all fan,
all_light_lower,all light,
all_lights,All Lights,
all_lower,all,
all_music_lower,all music,
all_off,All Off,
all_on,All On,
all_open,All Open,
all_play,All Play,
all_shades,All Shades,
all_siren_lower,all siren,
all_stop,All Stop,
all_switch_lower,all switch,
all_switchs,All Switchs,
allow_run_background,Allow to run in the background,
am,AM,
and,And,
any_close,Any Close,
any_lower,any,
any_off,Any Off,
any_on,Any On,
any_open,Any Open,
any_play,Any Play,
any_stop,Any Stop,
api_key,API Key,
app_is_started,BelaHome is started,
app_kasa_smart,Kasa Smart,
app_lutron,Lutron,
app_name,BelaHome,
app_somfy,Somfy,
app_sonos,Sonos,
app_version,Application version,
app_yeelight,Yeelight,
aqi,AQI,
arm,Arm,
arming_away,Away,
arming_custom,Customized,
arming_disarm,Disarm,
arming_home,Home,
arming_home_mode,Home mode,
arming_lower,arming,
arming_mode,Arming mode,
arming_mode_list,Arming mode List,
arming_sleep,Sleep,
associated_device,Associated Device %s,
audio,Voice,
audio_call_failed,Voice call not connected.,
audio_call_time,Audio call time %s,
authentication,Authentication,
authentication_password_hint,Please enter your password,
authentication_tips,"Before delete your account, please note that this action is permanent and cannot be undone. Enter your password to confirm your decision.",
authority,Authority,
authority_administrator,Administrator,
authority_management,Management,
authorization,Authorization,
authorize_title,Number of allowed times.,
auto,Auto,
auto_scan_failed,No Devices Found.,
auto_update,Auto Update,
auto_update_tips,The device will be automatically updated during inactive hours.,
automate,Automate,
automation,Automation,
back,Back,
balcony,Balcony,
battery_level,Battery Level,
battery_of_the_device,Device battery,
battery_status,Battery status,
belahome_with_app_backup,Both the app and phone.,
belong_to,Belong to,
binding_email,Binding email,
ble_unlock,Bluetooth Unlock,
bluetooth_access_failed,Bluetooth access failed.,
bluetooth_access_succeed,Bluetooth access succeed.,
bluetooth_not_supported,Bluetooth not support,
brand,Brand,
bright,Bright,
brightness,Brightness,
busy_here,Busy Here,
bypass_lower,bypass,
bypass_recovery,bypass recovery,
bypass_unit_day,Day,
bypass_unit_hour,Hour,
bypass_unit_minute,Minute,
bypass_unit_week,Week,
cache_clear,Cache Clear,
cache_clear_content,"Including pic,video cache( total %1$s )",
cache_clear_fail,Cache clear fail.,
cache_clear_success,Cache cleared successfully.,
cache_clear_tips,Whether to clear the cache?,
call,Call,
call_authorize,Authorize,
call_calling,Calling,
call_conference,Conference,
call_conference_hold,Conference Hold,
call_connecting,Calling,
call_incoming,Incoming,
call_not_connected, call not connected,
call_receiving,Receiving,
call_settings,Call Settings,
call_someone,Call Someone,
call_states_bitrate,%d kbps,
call_states_framerate,%d fps,
call_states_lostrate,%d,
call_states_rtt,%d ms,
call_talking,Talking,
call_to,Call to,
call_type_group_call,Group Call,
call_type_phone,Phone,
call_type_phone_with_smartplus_as_backup,BelaHome with phone as backup,
call_type_sequence_call,Sequence Call,
camera,Camera,
camera_error,This device does not support Camera2 API.,
cancel,Cancel,
capture,Capture,
capture_completed,Capture Completed.,
capture_info,Device Capture Info,
change_device_type_tips,Are you sure you want to change the device type? This action will remove all configurations associated with the device across all scenes.,
change_location,Change Location,
change_password,Change Password,
change_password_in_cloudless_tips,"Cloudless mode is enabled.If forgot password, please reset it on the home center.",
change_password_tips,Please change your default password.,
change_to_speaker_tips,Voice will be played via speaker.,
changing_log,What's New,
channel,Channel,
check_device_updates,Check device updates,
check_update,Check for Updates,
choose_a_room,Choose Room,
choose_administrator,Choose %@ as administrator?,
choose_from_the_album,Choose from the album,
choose_relay_title,Please select the door you want to open.,
clear,Clear,
close,Close,
closet,Closet,
closing,Closing,
cloudless_mode_tip,please re-log in to Cloudless mode,
code,Code,
color_temperature,Color Temperature,
common_brand,Common Brand,
component_not_working,Component not working,
component_not_working_tips,"This %s can't not working, Please delete it.",
condition_is,Condition is,
condition_lower,condition,
condition_time_select_error_tips,The start time must be earlier than the end time,
condition_tips_datetime_sunrise,if everyday sunrise,
condition_tips_datetime_sunset,if everyday sunset,
condition_tips_datetime_time,If it is between %s and %s %s,
condition_tips_device_battery_level,If %s %s battery level is %s %s,
condition_tips_device_brightness,If %s %s brightness is %s %s,
condition_tips_device_close,If %s %s close,
condition_tips_device_ding,If %s is dinging,
condition_tips_device_energy_consumption,If the %s energy consumption of %s is %s %s,
condition_tips_device_humidity,If humidity of %s %s is %s %s,
condition_tips_device_illuminance,If %s illuminance is %s %s,
condition_tips_device_no_one_detected,If %s %s dectected no one,
condition_tips_device_off,If %s %s turn off,
condition_tips_device_on,If %s %s turn on,
condition_tips_device_open,If %s %s open,
condition_tips_device_play,If %s is playing,
condition_tips_device_preset_mode,If %s is preset to %s mode,
condition_tips_device_someone_detected,If %s %s dectected someone,
condition_tips_device_stop,If %s is stoped,
condition_tips_device_tamper_alarm,If %s detected tamper alarm,
condition_tips_device_tamper_alarm_release,if %s detected tamper alarm release,
condition_tips_device_temperature,If temperature of %s %s is %s %s,
condition_tips_device_trigger,If %s detected trigger,
condition_tips_device_trigger_release,If %s detected trigger release,
condition_tips_scene_auto_run,If %s %s auto-run,
condition_tips_security,If %s mode is in %s mode,
condition_tips_space_close,If %s %s of %s is close,
condition_tips_space_energy_consumption,If the %@ energy consumption of %@ is %@ %@,
condition_tips_space_humidity,If humidity of %s is %s %s,
condition_tips_space_no_one_detected,If %s dectected no one,
condition_tips_space_off,If %s %s of %s is turn off,
condition_tips_space_on,If %s %s of %s is turn on,
condition_tips_space_open,If %s %s of %s is open,
condition_tips_space_play,If %s music player of %s is play,
condition_tips_space_someone_detected,If %s dectected someone,
condition_tips_space_stop,If %s music player of %s is stop,
condition_tips_space_temperature,If temperature of %s is %s %s,
condition_tips_weather_aqi,If the AQI is %s %s,
condition_tips_weather_condition,If the weather is %s,
condition_tips_weather_outdoor_humidity,If the outdoor humidity is %s %s,
condition_tips_weather_outdoor_temperature,If the outdoor temperature is %s %s,
condition_weekday_select_error_tips,Choose at least one weekday,
configuration_set_tips,You have completed this configuration.,
confirm,Confirm,
confirm_new_password,Confirm New Password,
confirm_new_password_tips,Please confirm your new password,
confirm_the_transfer,Confirm transfer,
confirm_view_content,Confirm to view the alert?,
confirm_view_message,(Current call will be ended),
connect_device_to_local_network,Connect device to local network,
connect_server_error,Server connection error. Please try again.,
connected,Connected,
connecting_home,Connecting home...,
consumption,Consumption,
consumption_daily,Daily Consumption,
consumption_input_tips,Please enter a number between 0.1-9999.9,
consumption_monthly,Monthly Consumption,
consumption_of_every_day,Everyday's Consumption,
consumption_of_every_month,Consumption of every month,
consumption_of_every_week,Consumption of every week,
consumption_of_every_year,Consumption of every year,
consumption_total,Total consumption,
contact_preference,Contact Preference,
contact_preference_personal_tips,"You would like to start a group calls or sequential calls, when the visitor push the call button on the door panel.",
contact_preference_tips,"You would like to receive calls on BelaHome or Phone. If you'd like to keep receiving phone calls though, remember that you must answer the call then dial the # to permit access.",
contacts,Contacts,
control_all_devices,Control All Devices,
cool,Cool,
cooling,Cooling,
copy,Copy,
copy_right,Copyright © 2022 Akuvox \n All Rights Reserved ,
copy_success,Copy Success,
country_pick_search_hint,Search for Country/Region.,
country_pick_suggested,Suggested,
country_pick_suggested_code,+%1$s,
country_pick_title,Country/Region,
create_folder_hint,Enter folder name here.,
current,Current:,
current_password,Current Password,
current_password_tips,Please enter your old password,
curtain,Curtain,
curtain_lower,curtain,
dark,Dark,
dark_mode,Dark Mode,
data_srouce,Data Source,
date_and_time,Date & Time,
date_error_tips,The start date should not be empty.,
day,Day,
day_mode,Day Mode,
deal_alarm,Deal,
deal_alarm_content,Alarm has been released,
deal_alarm_title,Alarm has been addressed,
decline,Decline,
degree_centigrade,Celsius (°C),
delay,Delay,
delete,Delete,
delete_account,Delete Account,
delete_account_dialog_sure_tips,"This action can't be undone,
please confirm to continue.",
delete_account_dialog_tips,"Choose %@ as administrator?
Your account will be deleted.",
delete_account_no_sub_dialog_sure_tips,"Are you sure you want to delete
it? You can't undo this action!",
delete_account_no_sub_dialog_tips,"If you delete the account, all data
on the account will be wiped!",
delete_account_warning,"Before deleting your account, please note that your data will be deleted.",
delete_account_what,Delete account:,
delete_room,Delete Room,
delete_room_with_device_tips,Please move the devices in\nthis room to another room,
delete_sub_device_tips,Are you sure you want to delete this device? This sub-device will be removed and the gateway may not be able to re-add it.,
delete_successful,Delete Successful,
delete_temporary_account,Delete Temporary Account,
delete_temporary_account_tips,Delete the temporary account?,
delete_the_account,Delete the account,
deleting_failed,Deleting failed.,
deleting_succeeded,Deleting succeeded.,
deny,Deny,
describe_your_problem,Please provide a detailed description of the problem.,
deselect_all,Deselect All,
device,Device,
device_1_way_relay_switch_module,1 Gang Switch,
device_2_way_relay_switch_module,2 Gang Switch,
device_3_way_relay_switch_module,3 Gang Switch,
device_4_way_relay_switch_module,4 Gang Switch,
device_add_brand_search_tips,Search for the brand,
device_add_ecobee_error,Invalid API Key.,
device_add_ecobee_pin,PIN: %s,
device_add_ecosystem_progress_tips,Please add the current device to the same local area network as the gateway.,
device_add_guide_blinking,Ensure that the indicator is blinking rapidly,
device_add_guide_power_on,"Power on the device as prompted first,and hold the RESET button for 5s",
device_add_guide_switch_module,"After the wiring of switch module is done, press the reset key for about 10  seconds or turn on/off the traditional switch for 5  times until the indicator light inside the module is flashing quickly for pairing.",
device_add_hue_click_confirm,I have pressed the button,
device_add_hue_error,Register failed. Please try again.,
device_add_infrared_tips,"Before you add a device, you need to know:\n\n1.Please ensure that the equipment and appliances are within 1,000 square feet of each other and in the same space.\n\n2.Make sure your appliances support infrared remote control.",
device_add_is_the_air_conditioner_coolded_at_24,Is the air conditioner set to 24℃ cooling temperature?,
device_add_is_tv_close_now,Is TV close now?,
device_add_is_tv_volume_is_changed_up,Is TV volume is changed up?,
device_add_progress_tips,Ensure that the device is connected to a power source and network.,
device_add_progress_title,Adding Deviceâ¦,
device_add_ring_code_error,Invalid Code.,
device_add_ring_password_error,Incorrect username or password,
device_add_sending_signal_to,Sending Signal to %1$s… ,
device_add_start_matching,Begin Matching,
device_add_title_ecobee,Add Ecobee,
device_add_title_fibaro,Add Fibaro Hub,
device_add_title_hue,Add Philip Hue,
device_add_title_lutron,Add Lutron Caseta,
device_add_title_ring,Add Ring,
device_add_title_somfy,Add Somfy,
device_add_turn_on_tv,Turn on Your TV,
device_alarm,%s alarm…,
device_bypass_after_12_hour,After 12 h,
device_bypass_after_1_day,After 1 day,
device_bypass_after_1_hour,After 1 h,
device_bypass_after_30_min,After 30 min,
device_bypass_after_7_day,After 7 day,
device_bypass_customize,Customize,
device_bypass_never,Never,
device_bypass_normal,When the device status is normal,
device_catalogue_access,Access,
device_catalogue_cameras,Cameras,
device_catalogue_climate,Climate,
device_catalogue_cover,Cover,
device_catalogue_entertainment,Entertainment,
device_catalogue_hub,Hub,
device_catalogue_infrared_equipment,Infrared equipment,
device_catalogue_lights,Lights,
device_catalogue_other,Other,
device_catalogue_sensor,Sensor,
device_catalogue_switch,Switch,
device_co_sensor,CO Sensor,
device_connected,Connected,
device_current_version,Current version:,
device_dimmer_light,Dimmer Light,
device_disconnected,Disconnected,
device_door_window_sensor,Door/Window Sensor,
device_edit_error_device_remove_tips,"The device has been removed.\nNote: When adding a device, do not reset the device for a long time.",
device_emergency_button,Emergency Button,
device_flood_sensor,Flood Sensor,
device_gas_sensor,Gas Sensor,
device_latest_version,Latest version:,
device_light,Light,
device_list,Device List,
device_location,Device Location,
device_lock,Lock,
device_log,Device Log,
device_log_type_close,Closed,
device_log_type_motion,Motion Detected,
device_log_type_offline,Device offline,
device_log_type_online,Device online,
device_log_type_open,Open,
device_log_type_trigger,Trigger,
device_log_type_turn_off,Device turn off,
device_log_type_turn_on,Device turn on,
device_monitor,%s monitoring…,
device_motion_sensor,Motion Sensor,
device_name,Device Name,
device_name_empty_tips,Device name cannot be empty!,
device_name_too_long,This device name input is too long,
device_not_connected,Device not connected,
device_offline,The device is offline.,
device_ownership,Device Ownership,
device_photos_are_full,Device photo storage full.,
device_rgb_light,RGB Light,
device_setting,Device Setting,
device_setting_no_permission_tips,You can only edit Device as Management Role.,
device_shade,Shade,
device_smart_plug,Smart Plug,
device_smart_valve,Smart Valve,
device_smoke_sensor,Smoke Sensor,
device_status_error_multiple,Abnormal sensor status.Do you want to ignore these sensors and continue to change arming mode?,
device_status_error_single,Abnormal sensor status.Do you want to ignore this sensor and continue to change arming mode?,
device_switch_module,Switch Module,
device_temperature_humidity_sensor,Temperature & Humidity Sensor,
device_thermostat,Thermostat,
device_type,Device Type,
device_type_empty,Empty,
device_type_unselect_tips,Please select a device type before continue,
device_zigbee_shade,Zigbee Shade,
devices,Devices,
dialog_continue,Continue,
dialog_exit,Exit,
dialog_ok,OK,
dialog_send_notification_content,Notifications may include important smart home alert,
dialog_send_notification_title,"""BelaHome"" Would Like To Send You Notifications",
dialog_view,View,
dialog_waring,Warning!,
dialog_yes,Yes,
ding,Ding,
dining_room,Dining Room,
direction,Direction,
disable_auto_run,Disable Auto-run,
disable_lower,disable,
disabled_under_cloudless,This feature is disabled under Cloudless,
disagree,Disagree,
disarm_lower,disarm,
disconnected,Disconnected,
dnd,Do Not Disturb,
dnd_tips,"When enabled, calls and notifications will be received only in the time in the schedule below.",
do_not_support_ble,Your device does not support BLE.,
done,Done,
dont_ask_me_again,Don't Ask Me Again,
door_lower,door/window,
door_phone,Door Phone,
door_release_pin,Door Release PIN,
door_window,Door/Window,
door_window_lower,door/window,
doorphone_call_number,Doorphone Call Number,
download,Download,
duplicate_device_name,Duplicate device name.,
ecosystem,Ecosystem,
ecosystem_device_air_conditioner,Air Conditioner,
ecosystem_device_curtain_ikea,IKEA Shade,
ecosystem_device_ecobee4,Ecobee 4,
ecosystem_device_fibaro,Fibaro,
ecosystem_device_fibaro_center,Fibaro Center,
ecosystem_device_fibaro_hub,Fibaro Hub,
ecosystem_device_ikea,IKEA,
ecosystem_device_ikea_curtain,IKEA-Curtain,
ecosystem_device_lutron_caseta,Lutron Caseta,
ecosystem_device_lutron_caseta_center,Lutron Caseta Center,
ecosystem_device_lutron_caseta_with_hub,Lutron Caseta\n(with Hub),
ecosystem_device_phillip_hue,Phillip Hue,
ecosystem_device_phillip_hue_center,Phillip Hue Center,
ecosystem_device_phillip_hue_with_hub,Phillip Hue\n(with Hub),
ecosystem_device_ring,Ring Video Doorbell 4,
ecosystem_device_shelly,Shelly,
ecosystem_device_shelly_1l,Shelly 1L,
ecosystem_device_shelly_1pm,Shelly 1PM,
ecosystem_device_shelly_dimmer_2,Shelly Dimmer 2,
ecosystem_device_shelly_em,Shelly EM,
ecosystem_device_somfy,Somfy,
ecosystem_device_somfy_curtain,Somfy-Curtain,
ecosystem_device_somfy_mylink,Somfy Shade,
ecosystem_device_sonos,SONOS,
ecosystem_device_sonos_beam_gen2,SONOS Beam Gen2,
ecosystem_device_sonos_roam_sl,SONOS Roam SL,
ecosystem_device_tp_link,TP-Link,
ecosystem_device_tp_link_kasa,TP-Link kasa,
ecosystem_device_tp_link_kasa_with_hub,"TP-Link
(with Hub)",
ecosystem_device_tv,TV,
ecosystem_device_yale,Yale,
ecosystem_device_yeelight,Yeelight,
ecosystem_device_yeelight_smart_light2,Yeelight Blue Color,
ecosystem_device_yeelight_yldp12yl,Yeelight Blue White,
edit,Edit,
edit_scene,Edit scene,
email,Email,
email_address,Email Address,
email_address_not_found,Email address not found,
email_cannot_be_empty,Email can not be empty,
email_exist_tips,Email already exists. Please try again.,
email_format_error,Email format error,
empty,,
empty_source,Empty Source,
enable_auto_run,Enable Auto-run,
enable_float_window,Enable BelaHome to receive calls.,
enable_lower,enable,
enable_notification,Enable belahome notices when received notifications.,
enable_notifications,"Enable Belahome notices when receiving
notification.",
enable_your_camera,Allow access to your camera so people\ncan see you in video calls.,
enable_your_microphone,Allow access to your microphone so\npeople can hear your voice.,
end_date,End Date,
end_point,End Point,
end_time,End Time,
energy_consumption,Energy Consumption,
enter,Enter,
enter_your_email,Enter your email,
equal_to,Equal To,
equal_to_lower,equal to,
error,Error,
error_msg_access_denied,Access denied,
error_msg_account_already_exists_in_family,The current account already exists in the family,
error_msg_account_existed_multi_area,Account is locked.,
error_msg_account_exists_cloudless_family,Your have a cloudless home.,
error_msg_account_has_joined_max_families,The number of families that this account has joined exceeds the limit.,
error_msg_account_locked_five_minutes,"Account is locked, unlock in 5 minutes.",
error_msg_account_locked_send_email,Account is locked to send email.,
error_msg_account_name_already_exists,The account name already exists.,
error_msg_account_not_allowed,Account not allowed,
error_msg_account_not_exist,"Account is incorrect, please try again.",
error_msg_account_not_existed,Account does not exist.,
error_msg_account_or_password_wrong,"Account or Password is incorrect,please try again.",
error_msg_area_not_exist,The room was not found.,
error_msg_automation_name_exist,The name already exists.,
error_msg_bound_max_number_of_families,The maximum number of family has been reached.,
error_msg_bound_too_many_family,Too many families are already bound,
error_msg_chain_validation_failed,"Chain validation failed, Please adjust your phone's system time for accuracy.",
error_msg_cloud_not_main_account,The cloud admin account could not be found. Please try again or create a new account.,
error_msg_cloud_response_error,Cloud response error,
error_msg_cloud_response_timeout,Cloud response timeout.,
error_msg_cloudless_cannot_forget_password,"Your home is in Off-Cloud mode, please turn off Off-Cloud mode before operating.",
error_msg_create_area_error,The room could not be added. Please try again later.,
error_msg_create_user_error,"Failed to add user, please try again later.",
error_msg_delete_area_error,"Failed to delete room, please try again later.",
error_msg_delete_device_error,"Failed to delete device, please try again later.",
error_msg_device_is_banned,Device is banned.,
error_msg_device_not_exist,Device not found.,
error_msg_device_offline,"The device is not connected, please check the device connection status.",
error_msg_device_photo_full,You have reached the maximum number of photos(9) allowed in this device.,
error_msg_device_unconnected_cloud,"Unable to connect to Home Center, please check device connection status.",
error_msg_email_already_exist,The email already exists.,
error_msg_entity_id_not_exists,"Modify the switch name error, please try again.",
error_msg_failed_to_change_relay_type,"Fail to switch relay type, please check the device version and network status.",
error_msg_family_center_not_exit,Device does not exist,
error_msg_family_center_offline,Device is offline,
error_msg_family_center_photo_full,You have reached the maximum number of photos(100) allowed in this family.,
error_msg_family_not_exist,The family was not found.,
error_msg_family_not_existed,Family not existed.,
error_msg_family_not_exit,The Family does not exist,
error_msg_flow_id_is_used,The device flow id is used.,
error_msg_flowid_not_exist,Scene not found.,
error_msg_gateway_response_timeout,The gateway response timeout.,
error_msg_homecenter_offline,The homecenter is offline.,
error_msg_image_already_exists,The photo already exists.,
error_msg_intercom_user_unactivated,"Your intercom cloud account is not activated or has expired,please contact your service provider.",
error_msg_invalid_format,Invalid format.,
error_msg_invalid_parameter,Invalid parameter,
error_msg_invalid_refresh_token,Invalid refresh token,
error_msg_ip_banned_for_account_incorrect,Account is locked.,
error_msg_ip_banned_send_email,The current ip address has send one hundred emails.,
error_msg_max_number_of_area,The maximum number of rooms (20) allowed in this family has been reached.,
error_msg_max_number_of_intercom,The maximum number of intercom has been reached.,
error_msg_max_number_of_user,The maximum number of user is 30 allowed in this family.,
error_msg_max_number_of_zigbee,Maximum number of zigbee.,
error_msg_max_number_scene,The maximum number of scene has been reached.,
error_msg_name_too_long,The name is too long,
error_msg_need_transform_permission_but_not_params,Account requires transform permission but not have it.,
error_msg_network_error,"Network error, please check the network and try again later",
error_msg_not_found_admin_user,The user was not found.,
error_msg_offline_not_allow_change_password,"Your home is in Off-Cloud mode, please turn off Off-Cloud mode before operating.",
error_msg_offline_operation_not_allowed,Your home is currently in Off-Cloud mode. Please turn off Off-Cloud mode before proceeding.,
error_msg_old_password_error,Incorrect current password!,
error_msg_operation_must_admin,No operation permission. Please configure it on the master account.,
error_msg_operation_timeout,Operation timeout.,
error_msg_passowrd_incorrect,Wrong password.,
error_msg_picture_too_big,Picture is too large.,
error_msg_qr_code_has_been_used,The QR code has been used,
error_msg_replace_device_error,"Failed to replace device, please try again later.",
error_msg_request_error,Request error,
error_msg_request_timeout,Request timeout,
error_msg_room_name_too_long,Please enter a room name no longer than 63 characters,
error_msg_sign_up_email_already_exist,This account already exits. Please log in and click the scan button on the settings page.,
error_msg_socket_disconnect,The connection has been lost and is currently being restored.,
error_msg_sort_device_error,"Failed to adjust device position, please try again later.",
error_msg_temporary_account_not_intercom_permission,"Edit failed, please add email address to this account first.",
error_msg_transfer_account_not_existed,Transfer account does not exist.,
error_msg_transfer_user_error,"Failed to transfer administrator permissions, please try again.",
error_msg_transform_params_error,Transform params error.,
error_msg_unknow_error,Unknown error,
error_msg_unknown_commond,The current device version does not support this operation.,
error_msg_update_area_error,The room could not be edited. Please try again later.,
error_msg_update_device_error,"Failed to update, please try again later.",
error_msg_update_family_error,"Failed to update, please try again later.",
error_msg_user_already_exist,The user already exists.,
error_msg_user_not_bound_family,The account is not bound to a family.,
error_msg_user_not_exist,The user was not found.,
every_lower,every,
every_month_lower,every month,
every_week_lower,every week,
every_year_lower,every year,
everyday,Everyday,
everyday_lower,everyday,
exit_after_press_again,Press back again to exit.,
export,Export,
export_log,Export Log,
face_add_2d_face_data,Add 2D Face Data,
face_before_start,"Before starting, make sure the camera is clean, your face is unobstructed, and the environment is well-lit.\nYou can also setup by choosing a photo in the album.\nYou can use Face Recognition to unlock the door unit.",
face_choose_from_album,Choose From Album,
face_delete_facial_data,Delete Face Data,
face_delete_msg,"If you delete the face data, you will not be able to unlock the door by facial recognition.",
face_discard,Discard,
face_error_detect_face_too_small,Please get closer to the device.,
face_error_detect_more_face,Make sure you are the only person in the frame.,
face_error_detect_no_face_or_large_face,Make sure your face stays fully in the frame.,
face_error_detect_with_mask,Please take off your mask.,
face_error_not_clear,The face was not clear enough. Please make sure your face is not in backlight.,
face_error_photo_more_than_one_face,More than one face were detected in this photo.,
face_error_photo_no_face,No face were detected in this photo.,
face_error_photo_pixel_less_than_250,The resolution of this image must be at least 250x250.,
face_error_photo_too_large,The face in the photo is too large.,
face_error_photo_too_small,The face in the photo is too small.,
face_error_photo_view_of_your_face,Please use a photo of your face straight on.,
face_error_photo_with_mask,Please select another photo without mask.,
face_get_started,Get Started,
face_recognition,Face Recognition,
face_recognition_msg_processing,"Processing, hold still…",
face_recognition_msg_tip,1.Make sure your face stays fully in frame.\n\n2.No masks and hats.,
face_setup_complete,Setup Completed.,
face_setup_failed_msg,"Make sure that the camera is clean, your face is not covered, and you are in a well-lit environment (avoid direct sunlight).\n\nYou can also setup by choosing a photo in the album.",
face_setup_failed_title,Setup Failed.,
face_start_again,Start Again,
face_upload_msg,Use this photo as your face ID?,
fahrenheit_degree,Fahrenheit (°F),
family_address,Family Address,
family_devices,Family Devices,
family_group,Family Group,
family_management,Family Management,
family_member_info,Family Member Info,
family_members,Family Members,
family_members_message,Family Members Message,
family_members_message_tips_1,"When other members of the family return home, you can choose who to be notified.",
family_members_message_tips_2,Only accounts with intercom permission support this function.,
family_name,Family name,
family_qr_code,Family QR Code,
family_qr_code_invite_tips,Scan the family QR code to join this home.,
fan,Fan,
fan_lower,fan,
fan_mode,Fan Mode,
favorite_device,Favorite device,
favorite_device_empty,No device can be added to the home page.\nPlease add a device.,
favorite_scene,Favorite scene,
favorite_scene_empty,The scene is empty.\nClick the \"Add\" button to create a new scene.,
feedback,Help & Feedback,
feedback_length_most,feedback content length most 500,
file_format_error,File format error.,
finish,Finish,
first_name,First Name,
first_name_cannot_empty,First Name cannot be empty.,
forbidden,Forbidden,
force_logout_content,Your account has been logged in on another device!,
force_logout_title,Login Alert,
forget_passwd,Forgot Password,
forgot_password,Forgot Password?,
gateway,Gateway:,
gateway_offline_tip,The gateway is offline. You cannot log in to the account,
general,General,
geothermal,Geothermal,
geothermal_and_heating,Geothermal+Heating,
global_failed,Global Failed,
global_scheme,module,
go_and_set,Go And Set,
go_to_authorize,Go to PIN authorization,
got_it,Got it,
h5_tips,Tips,
hang_up,Hang Up,
heating,Heating,
help,Help & Feedback,
history,History,
hold,Hold,
hold_to_talk,Hold to talk,
home,Home,
home_not_bound_tips,You are not yet bound to any home.\nPlease scan the code to join another home.,
home_offcloud_tips,The family data is being protected.,
home_offline_tips,Unable to connect to the home center.,
hue_add_tips,Press the button on the bridge to continue.,
humidity,Humidity,
i_am_aware_of_the_risk,I'm aware of the risks.Next step,
i_know,I Know,
ignore,Ignore,
ignore_battery_optimization,Ignore Battery Optimization,
ignore_version,Ignore,
illuminance,Illuminance,
illunminance,Illunminance,
image,Image,
including,Including:,
incorrect_current_password,Incorrect current password.,
initializing_device,Initial Preference,
instantaneous_power,Instantaneous Power,
intercom,Intercom,
intercom_account_expired_tip,"Your intercom cloud account has expired, please contact your service provider.",
intercom_capability,Intercom Capability,
intercom_capability_disable_tips,%d sub-accounts have been allowed for the Intercom feature. You have to disable this feature of one of them before you can enable it for a new account.,
intercom_capability_max_tips,You can enable the Intercom feature for up to %d sub-accounts.,
intercom_permission_management,Intercom Permission Management,
invalid_mac_address,Invalid MAC Address,
invalid_mode,The current mode is not video mode,
invalid_operate,invalid operate,
invalid_url,Invalid url,
invalide_add_fibaro_input_tips,Invalid input.Please check your input data.,
invalide_add_somfy_input_tips,Invalid System ID or IP address.,
ios_access_add_photo_library_content,"If not, you will not be able to save the video to the photos.",
ios_access_bluetooth_content,"If not, you will not be able to open the door using Bluetooth in BelaHome.",
ios_access_camera_content,"If not, you will not be able to log in via QR code in BelaHome, nor will you be able to use video calling and other functions.",
ios_access_contact_usage_content,"If not, you will not be able to save BelaHome caller numbers as a contact.",
ios_access_contact_usage_title,We Would Like to Access the Contacts,
ios_access_mic_camera_content,"If not, you will not be able to use the call function properly.",
ios_access_mic_camera_title,We would like to access the Microphone/Camera,
ios_access_microphone_content,"If not, you will not be able to make audio and video calls in BelaHome.",
ios_access_notification_content,"If not, you will not be able to receive call notifications.",
ios_access_notification_title,We would like to send you notifications,
ios_access_use_photo_library_content,"If not, you will not be able to login BelaHome by identifying the QR code in the image.",
ios_account_exit_content,"Your account has been logged in on another device in %@, please confirm whether it is your own operation.",
ios_account_unavailable,Account Unavailable,
ios_busy_here,Busy Here,
ios_call,call,
ios_call_end,Call end.,
ios_end_video_to_alarm_list_tip,Confirm to view the alarm list？\n（Current %@ will be ended.）,
ios_end_video_to_alert_tip,Confirm to view the alert？\n（Current %@ will be ended）,
ios_flashlight,Flashlight,
ios_forbidden,Forbidden,
ios_global_failed,Global Failed,
ios_incoming_local_push,A call from %@.,
ios_launch_title,Welcome to Akuvox,
ios_live_view,live view,
ios_motion_content,A motion alert from %@.,
ios_not_accepted,Not Acceptable Here,
ios_not_found,Not Found,
ios_remote_hangup,The other party has ended the call.,
ios_req_cancelled,Request Cancelled,
ios_scan_qrcode_no_album_permission_tip,Please go to the setting privacy to open the album permission of this app.,
ios_scan_qrcode_no_camera_permission_tip,Please go to the setting privacy to open the camera permission of this app.,
ios_temp_unavailable,Temporarily not available,
ip_address,IP Address,
join_family_as_main_account,Join this family as the main account,
join_the_family,Join the family,
join_what_family,Family name: %s,
keep_alive,BelaHome keep running,
keep_alive_tips,Please keep it on to ensure that incoming calls can be received in real time,
key_number_long_press,Key%d Long Press,
key_number_press,Key%d Press,
kids_room,Kids Room,
kitchen,Kitchen,
kwh,kW·h,
lack_monitor_permission,In order to monitor the on-site environment. Please click \"Go And Set\" to set access of following permissions.,
lack_notification_permissions,"Please allow BelaHome to send you notifications, in case of missing calls from your visitors.Click \""View\"" see how to set notifications permissions.",
lack_permissions,In order to make video calls with visitors. Please click \"Go And Set\" to set access of following permissions.,
landline,Landline,
landline_dialog_context,"The landline caller number has been changed, please click \""Set As Contacts\"" to add the new number to your contacts, so that the door phone call will not be marked as a harassing call.",
landline_dialog_context_new,"Please click \""Set As Contacts\"" to add the BelaHome number to your contacts, so that the door phone call will not be marked as a harassing call.",
landline_dialog_title,Landline Caller Number Changed,
landline_dialog_title_new,Set \"BelaHome\" As Contacts,
last_name,Last Name,
last_name_cannot_empty,Last Name cannot be empty.,
less_than,Less than,
less_than_lower,less than,
light_lower,light,
live_view_confirm_view_message,(Current live view will be ended),
living_room,Living Room,
load_video_failed,Failed to load video.,
loading,Loading,
lock_lock,Lock,
lock_unlock,UnLock,
log_level,Log Level,
log_out,Log Out,
login,Log In,
login_incorrect,Account or password is incorrect,
login_restful_server_failed,Failed to connect the server!,
login_scan_album,Album,
login_scan_flashlight,Flashlight,
login_text_2,Advanced VoIP/Cloud PBX Solution,
logout_with_account_deleted,Account Deleted.,
logout_with_change_password,"The password has been changed, please log in again.",
logout_with_ha_cloudless,please re-log in to Cloudless mode.,
logout_with_ha_offline,"The gateway is offline.
You cannot log in to the account.",
logout_with_ha_other_error,The gateway can't connect.,
logout_with_invalid_info,Your login is invalid. Please try again.,
logout_with_not_binding_family,No found any binding family.,
logout_with_role_changed,"Account successfully registered, please log in again.",
logout_with_unbind_family,Please log in again.,
long_press_lower,long press,
lx,lx,
manager,Manager,
manual_click,Manual Click,
manually_choose,Manually choose,
master_bedroom,Primary Bedroom,
me,Me,
measurement_settings,Temperature Unit,
menu,Menu,
message,Messages,
message_empty_tips,Tap here to start the conversation,
message_input_hint,Message…,
microphone,Microphone,
mobile_cannot_be_empty,Phone number cannot be empty.,
mobile_or_tel,Phone Number,
mode,Mode,
modify_password_success,Password reset successfully. Please log in again.,
modifying_the_device_name,Modifying The Device Name,
modifying_the_switch_name,Modifying The %s,
monitor,Monitor,
monitor_load_video_failed,Failed to load video.,
monitor_play_failed,Failed to play video.,
monitoring,Monitoring,
month,Month,
month_april,April,
month_april_abbreviation,Apr,
month_august,August,
month_august_abbreviation,Aug,
month_december,December,
month_december_abbreviation,Dec,
month_february,February,
month_february_abbreviation,Feb,
month_january,January,
month_january_abbreviation,Jan,
month_july,July,
month_july_abbreviation,Jul,
month_june,June,
month_june_abbreviation,Jun,
month_march,March,
month_march_abbreviation,Mar,
month_may,May,
month_may_abbreviation,May,
month_november,November,
month_november_abbreviation,Nov,
month_october,October,
month_october_abbreviation,Oct,
month_september,September,
month_september_abbreviation,Sept,
more,More,
more_than,More Than,
more_than_lower,more than,
motion,Motion,
motion_alert,Motion Alert,
motion_alert_tips,Alert of suspicious moving object.,
motion_content,A motion alert from %1$s ,
move_to_new_room,Move to new room,
movement_detected,Motion Detected,
movement_off,No Movement,
mqtt_connect_fail_tip,Failed to connect to Cloud server. Some features may not be available.,
music,Music,
music_list,Music list,
music_lower,music,
mute,Mute,
my_family,My Family,
my_profile,My Profile,
name,Name,
name_already_use,This name is already in use. Please choose another.,
net_err_btn_try,Try Again,
net_err_msg,"Unable to load the page!
Please check your connection and try again.",
net_err_please_wait,Please waitâ¦,
net_err_whoopes,Whoops!,
net_unavailable_tips,"Net unavailable, try again later.",
network_error,Network error. Please try again.,
network_no_connected,No Network Connection,
network_unavailable,Network Unavailable,
new_password,New Password,
new_password_tips,Please enter you new password,
new_room,New Room,
next,Next,
next_day,Next Day,
nfc_access_failed,NFC access failed.,
nfc_access_succeed,NFC access succeed.,
nfc_unlock,NFC Unlock,
night_mode,Night Mode,
no,No,
no_available_rtp_port,No Available Rtp Port,
no_contain_emoticons,Can't contain emoticons,
no_content,No data,
no_found_any_binding_family,No found any binding family.,
no_network_connection,No Network Connection,
no_one_detected,No One Detected,
no_operation_permission_content,"You have no permission,Please contact family master to grant you permission in ""Family Management-Family Members"".",
no_operation_permission_title,You are not authorized to perform this operation,
no_photos,No Photo,
no_save_picture_tips,"The picture not save to album, confirm to back?",
no_upcoming_songs,No upcoming songs,
normal,Normal,
not_accepted,Not Acceptable Here,
not_found,Not Found,
notification,Notification,
notification_allowed_tips,Notifications have been allowed,
notification_center,Notification Center,
notification_channel_alarm_name,BelaHome Alarm,
notification_channel_call_name,BelaHome Call,
notification_channel_chat_name,BelaHome Chat,
notification_channel_message_name,BelaHome Message,
notification_content_delivery,"You have %d items that have been delivered to you, please check in time.",
notification_content_intercom_account_status,Your Akuvox cloud is about to %s,
notification_content_low_battery,battery level is below 20%.,
notification_content_tamper_alarm,tamper alarm.,
notification_content_temp_key,%s has used the TempKey.,
notification_delete_tips,Are you sure you wanted delete selected records?,
notification_enable_step,Please go to Settings - Apps - BelaHome to enable.,
notification_permissions,Notification Permissions,
notification_permissions_guide,Notification permissions setting guide,
notification_permissions_guide_tips,"Some mobile phones cannot be redirected after clicking, or cannot receive guest calls after setting, please set according to the following ""Notification permissions setting guide""",
notification_set_tips,Please allow all the permissions below to ensure that you can receive calls from guests.,
notification_settings,Notification Settings,
notification_title_delivery,You've got a new package!,
notification_title_intercom_account_status,Renew Your Subscription Before it Expires,
notification_title_login_alert,Login Alert,
notification_title_pm_message,Property Management Message,
notification_title_temp_key_used,TempKey Used,
number,Number,
off,Off,
offline,Offline,
offline_lower,offline,
on,On,
online_lower,online,
open,Open,
open_door,Open Door,
open_door_failed,Open door failed.,
open_door_success,Open door successfully.,
open_door_tips,Are you sure you want to open the door?,
open_or_close,Open Or Close,
opening,Opening,
operation_not_permission_tips,"General users do not have permission to perform this operation, please contact the administrator user",
or,or,
others_lower,others,
outdoor_humidity,Outdoor humidity,
outdoor_temperature,Outdoor temperature,
overlay_permission,Allow display over other applications.,
palette,Palette,
pallet,Pallet,
password,Password,
password_change_tip,"The password has been changed, please log in again",
password_empty_tips,Password cannot be empty.,
password_format_error_tips,Your password must be a combination of letters and numbers.,
password_inconsistent_tips,Confirm password and new password do not match!,
password_length_error_tips,Please enter 8-64 characters.,
password_no_change_tips,New password and current password cannot be the same!,
pause,Pause,
payments,Payments,
percent,％,
period,Period,
permission_camera,Allow BelaHome to take pictures and record video?,
permission_contact,Allow BelaHome to access your contacts?,
permission_desc_title,BelaHome will use some of your information in order to give you a better user experience.We need a few permissions to get started.,
permission_float_window,Display Floating Window,
permission_help,Permission Guide,
permission_help_content,The current application lacks the necessary permissions.\n\n Please select \"Settings\" - \"Permission\" - Open the required permissions.,
permission_notification,Notification,
permission_storage,Allow BelaHome to access photos and media on your device?,
permission_view,View,
personal_info,Personal Info,
personal_information,Personal information,
phone,Phone,
phone_number,Phone Number,
phone_number_format_error,Phone number format error.,
photo,Photo,
photo_add_success,Add success,
photo_displayed_on_instagram_tips,Pictures displayed on device screen.,
photo_stored_on_home_center_tips,These photos are stored on the Home center.,
photo_wall,Photo wall,
physical_button,Physical Button,
pictures,Pictures,
platform_email_no_install,Email was not installed,
platform_kakaotalk_no_install,KaKaoTalk was not installed,
platform_message_no_install,Message was not installed,
platform_wechat_no_install,Wechat was not installed,
platform_whatsapp_no_install,WhatsApp was not installed,
play,Play,
play_or_stop,Play/Stop,
please_enter_a_room_name,Please enter a room name,
please_enter_the_email,Please enter the email,
please_enter_the_following_information,Please enter the following information to create a new subaccount.,
please_read_privacy_policy_tips,"Please read \""%s\"" and \""%s\"" thoroughly, and click the \""Agree\"" button to indicate that you have agreed to the aforementioned agreement.\nWe will explain to you through.\n\nBelaHome will use some of your information in order to give you a better user experience.We need a few permissions to get started.",
please_read_the_privacy_policy_below,Please read the Privacy Policy below.,
please_select,Please select,
please_upload_a_clear_photo,Invalid face image! Please upload the valid face image.,
plug,Plug,
pm,PM,
policy_agree_unable_tips,"In order to continue using the App, please read the privacy agreement carefully.",
policy_read_tips,Please read Terms and Conditions carefully to continue.,
popup_background,Display pop-up windows while running in the background.,
porch,Porch,
power_off,Power off,
power_on,Power on,
preset,Preset:,
preset_mode,Preset Mode,
press_lower,press,
privacy_policy,Privacy Policy,
profile_photo,Profile Photo,
push_notification,Push notification,
qr_information_error,This QR code cannot be recognized.,
question_and_comments,Questions and Comments,
quit_confirm,Are you sure you want to exit?,
quit_location_save_confirm,Do you want to save the changes?,
receive_call,Receive incoming call,
receive_notification,Receive Notification,
recommend,Recommend,
record_of_use,Record of use,
record_time_countdown,The recording will end after %ds.,
record_too_short,Message too short,
refresh_failed,"Refresh failed,please try again later.",
refresh_success,Refresh success.,
region,Region,
region_and_phone,Region&Phone Number,
region_cannot_be_empty,Region can not be empty.,
reject,Reject,
relay,Relay,
relay1_close,Relay1 Close,
relay1_open,Relay1 Open,
relay2_close,Relay2 Close,
relay2_open,Relay2 Open,
relay3_close,Relay3 Close,
relay3_open,Relay3 Open,
relay4_close,Relay4 Close,
relay4_open,Relay4 Open,
relay_close,Trying to close the %s.,
relay_close_failed,"Failed to close relay, please try again.",
relay_close_success,Relay closed Successfully.,
relay_open,Trying to open the %s.,
relay_open_failed,"Failed to open relay, please try again",
relay_open_success,Relay opened Successfully.,
relay_type_changed_success,The type has been successfully changed.,
relay_type_door,Door,
relay_type_floor_heat,Floor-Heat,
relay_type_light,Light,
relay_type_shade,Shade,
relay_type_siren,Siren,
relay_type_switch,Switch,
release_who_from_the_home,Release %s from home,
remote_hangup,The other party has ended the call.,
remove,Remove,
remove_device,Remove Device,
repeat,Repeat,
repeat_day,Repeats,
replace,Replace,
replace_device,Replace Device,
replace_device_failed,Device replace failed,
replace_device_success,Device replace successfully,
replace_device_timeout_tips,Search timeout.No devices found.Please confirm that the device is in paring mode.,
reply_soon_tips,We will reply as soon as possible,
req_cancelled,Request Cancelled,
request_failed,"Request failed, please try again.",
request_permission,Face sample needs camera permission.,
retry,Retry,
retry_again,Try Again,
ring,Ring,
room,Room,
room_device_empty_tips,No devices in this room,
room_management,Room Management,
room_name,Room Name,
room_name_all_devices,All Devices,
room_name_already_exists,Room name already exists. Please try a different one.,
room_name_empty_tips,Room name cannot be empty,
room_name_not_changed,Room name has not changed.,
room_name_others,Others,
room_name_public_area,Public Area,
room_sort_tips,Sort the rooms on the device display page.,
rooms,Rooms,
run,Run,
run_failure,Ran Failure,
run_successful,Ran Successfully,
running_logs,Activities Logs,
save,Save,
save_change_tips,This change has not been saved. Do you want to go back?,
save_failed,Save Failed,
save_successful,Saved successfully,
save_to_album,Save to the album,
saving_failed,Failed to save.,
saving_succeeded,Saved successfully.,
scan,Scan,
scan_qr_code,Scan QR Code,
scan_the_qr_code,Please scan the QR code,
scene,Scene,
scene_advanced_edit_prompt,This flow only can be edit on BelaHome Web,
scene_auto,Auto scene,
scene_can_not_manual_run_tips,Can't manual run this scene.,
scene_delete_tips,Are you sure you want to delete this scene?,
scene_fibaro_edit_prompt,This flow only can be edit on Fibaro App,
scene_hue_edit_prompt,This flow only can be edit on Philips App,
scene_icon_select_tips,Please select a scene icon,
scene_list,Scene List,
scene_log,Scene Logs,
scene_manual,Manual scene,
scene_name_already_exist_tips,"Scene name already exists, Please change it.",
scene_name_empty_tips,The scene name cannot be empty.,
scene_name_input_tips,Please enter the scene name,
scene_security,Security scene,
scene_task_empty_tips,Please use at least one task.,
scene_task_voice_assitance_format_error_tips,Please enter characters and spaces.,
scene_trigger_empty_tips,Please use at least one trigger.,
scene_unsupport_edit_prompt,Please update all your HyPanel device version up to 2.3,
second,s,
second_bedroom,Secondary Bedroom,
security,Security,
security_add,Add Security,
security_change_abandon_tips,Do you want to go back? Your changes will not be saved,
security_delete_tips,Are you sure you want to delete this security mode?,
security_edit,Edit Security,
security_http_command_format_error_tips,Please enter a valid HTTP or HTTPS command no longer than 256 character,
security_log,Security Logs,
security_message_too_long_tips,Please enter a message no longer than %d characters.And there are no special characters.,
security_mode,Security Mode,
security_mode_was_trigger,%s Security Mode Was Triggered,
security_name_already_exit_tips,Scene name already exit,
security_name_empty_tips,Scene name cannot be empty,
security_name_input_hint,Please Enter the Scene name,
security_name_too_long_tips,Please enter a name no longer than %d characters.,
security_sos_call_title,Calling,
security_switch_mode,Switch %s mode to %s mode.,
security_task_alarm_delay,Alarm Delay,
security_task_defence_delay,Defence Delay,
security_task_make_sos_call,Make SOS Call,
security_task_send_http_command,Send Http Command,
security_task_send_http_command_input_hint,Please enter a HTTP command,
security_task_send_notification,Send Notification,
security_task_send_notification_input_hint,Please enter content here,
security_task_turn_on_relay,When scene happen turn on relay,
security_trigger_edit_tips,Scene Trigger By…,
security_trigger_title,Scene Trigger By,
security_turn_on_relay_title,Turn On Relay,
security_type_alarms,Alarms,
security_type_alert,Alert,
security_type_bypass,Bypass,
security_type_change,Arm/Disarm,
select_a_condition,Select A Condition,
select_a_task,Select A Task,
select_a_trigger,Select A Trigger,
select_all,Select All,
select_location,Select location,
select_region,Select Region,
send,Send,
send_email_failed,"An error occurred during password resetting,which may be due to the following two conditions:\n\n1. The account does not exits.\n\n2. In Cloudless mode:Please reset your account password from the Family Center.",
send_email_success,We have sent an email to\n%s\nwith further instructions.,
send_http,Send HTTP,
send_message,Send Message,
send_success,Sent Successfully.,
send_to,Send To,
sending_ac_signal_set,Sending Signal to AC...,
sending_power_signal_set,Sending Power Signal to TVSet...,
sending_volume_signal_set,Sending Volume Signal to TVSet...,
sensor,Sensor,
server_id,Server ID,
server_id_mac,Server ID/MAC,
server_id_tips,Please Enter two digits Server ID,
servicedesc,BelaHome NFC Unlock,
set_as_contacts,Set As Contacts,
set_call_type_failed,Failed to set call type.,
set_call_type_success,Call type set successfully.,
set_failed,Failed to set.,
set_smartplus_as_a_contact,Set BelaHome as a contact,
set_smartplus_as_a_contact_tips,"Set BelaHome as a contact, so that the door phone can will not be marked as a harassing call.",
set_to_favorite,Add To Favorites,
setting,Setting,
setup_failed,Setup Failed.,
shade_change_other_type_tips,The device types of the two relays connected to the same flush-mounted module are changed to %s.,
shade_control,Shade control,
share_failed,Failed to share.,
should_agree_policy_to_continue,"Please read the Privacy Policy carefully. If you do not agree to the Privacy Policy, please do not access BelaHome.",
show_disagree_policy_tips,Reject the privacy agreement and exit the APP.,
show_on_lock_screen,Show on Lock screen,
sign_up,Sign Up,
sign_up_account_title,Sign up for Belahome account,
sign_up_default_first_name,User,
sign_up_default_last_name,Bela,
sign_up_email_input_tips,Please enter your Email,
sign_up_email_send_tips,We will send the initial password to %s. Please ensure that the email address provided is correct.,
sign_up_guide_title,How to Sign Up?,
sign_up_invalid_email_tips,please enter a valid email address.,
sign_up_scan_qr_code_tips,Please scan the QR code on the HyPanel device.,
sign_up_scan_qr_code_tips_2,"If it is not visible on the main screen, you can find it in the System Setting → About → Family Account.",
sign_up_success_tips,"Congratulations, Welcome to BelaHome.\n\nCheck your Email inbox.",
signal_source,Signal source,
siren_lower,siren,
skip,Skip,
sleep,Sleep,
slide_reorder,Slide reorder,
someone_arrives_home,Someone Arrives Home,
someone_detected,Someone Detected,
space,Space,
space_delete_with_devices_tips,"There area %d devices in this space.After deleting the space, these devices will be moved to the space of Others",
space_info_not_change,The Space does not change.,
space_management,Space Management,
space_name_already_existed,The name already exists.,
space_name_format_is_error,Your space name is in the wrong format.,
space_name_is_empty,Your space name is empty.,
space_name_too_long,This space name input is too long,
speaker,Speaker,
special_characters_not_supported,Special characters %@ is not supported.,
speed,Speed,
splash_title,Welcome to BelaHome,
start_date,Start Date,
start_point,Start Point,
start_time,Start Time,
stop,Stop,
study_room,Home Office,
submit,Submit,
subscription,Subscription,
sure_cancel_change_name,The modification is not saved.\nDo you want to exit?,
sure_do_irrevocable_action,"This action can't be undone.
please confirm to confirm.",
sure_log_out,Confirm log out?,
sweep,Sweep,
switch_av_call,"Poor network connection, switch to audio call?",
switch_lower,switch,
switch_module1,Switch Module1,
switch_module2,Switch Module2,
switch_name,Switch%d Name,
switch_name_cannot_be_empty,Switch name cannot be empty.,
switch_shade_relay_function,Swap the open and close functions of the relay controllers on the flush-mounted module.,
system_id,System Id,
take_a_photo,Take a photo,
take_photo,Take photo,
tamper_alarm,Tamper Alarm,
tamper_alarm_release,Tamper Alarm Release,
task_lower,task,
task_tips_call_someone,Call to %s,
task_tips_delay,Delay %s,
task_tips_device_brightness,Adjust the brightness of the %s %s to %s,
task_tips_device_close,Close the %s %s,
task_tips_device_off,Turn off the %s %s,
task_tips_device_on,Turn on the %s %s,
task_tips_device_open,Open the %s %s,
task_tips_device_play,Play music on %s,
task_tips_device_preset_mode,Preset %s to %s mode,
task_tips_device_stop,Stop music on %s,
task_tips_device_temperature,%s set temperature to %s,
task_tips_device_toggle,Play/Stop music on %s,
task_tips_device_volume,Set the volume of %s to %s,
task_tips_notification,Send notification : %s,
task_tips_scene_disable_auto_run,Disable %s auto-run,
task_tips_scene_enable_auto_run,Enable %s auto-run,
task_tips_scene_run,Run %s,
task_tips_security_arm,Arming %s mode,
task_tips_security_disrm,Disarm %s mode,
task_tips_send_http,Send HTTP command : %s,
task_tips_send_message,Send message to %s : %s,
task_tips_space_close,Close %s of %s,
task_tips_space_off,Turn off %s of %s,
task_tips_space_on,Turn on %s of %s,
task_tips_space_open,Open %s of %s,
task_tips_space_play,Play music of %s,
task_tips_space_stop,Stop music of %s,
task_tips_voice_broadcast,Voice broadcast : %s,
taskbar_lock,Taskbar interface lock,
taskbar_lock_tips,Please swipe up from the bottom of the screen-enter the multitasking interface-find BelaHome to lock it,
temp_key,Temp Key,
temp_keys,Temp Keys,
temp_unavailable,Temporarily not available,
temperature,Temperature,
temperature_abbreviation,Temp.,
temperature_can_not_obtained,The current temperature cannot be obtained.,
temperature_cold,Cold,
temperature_comfortable,Comfortable,
temperature_f_unit,°F,
temperature_hot,Hot,
temperature_source,Temperature Source,
temperature_unit,℃,
temperature_unit_c,℃,
temperature_unit_f,℉,
temporary_account,Account:,
temporary_account_created_tips,Your BelaHome temporary account has been created.,
temporary_account_registration,Temporary Account Registration,
temporary_account_registration_privilege,1.Be able to control your smart home after you lelft home.\n\n2.Be able to receive intercom call as phone call.\n\n3.More feature with Akubela Cloud.,
temporary_account_registration_tips,"Upgrading to an official account will bring you more features, including:",
temporary_password,Password:,
terms_policies,Terms & Policies,
text,Text,
the_bound_family_relationship,The bound family relationship,
the_current_version_is_the_lastest,The current version is the latest: %s,
the_sun_rise,The sun rise,
the_sun_sets,The sun sets,
the_time_is,The time is,
then,Then,
time,Time,
time_error_tips,The end time cannot be earlier than the start time.,
time_schedule,Time Schedule,
tip_delete_device_in_scene,"Are you sure you want to remove this device and wipe data? Scenes related to the device will be invalid and the device will be removed from the device list, all related data will be wiped.",
tip_delete_device_not_in_scene,Are you sure you want to remove this device and wipe data? The device will be removed from the device list and all related data will be wiped.,
tip_delete_device_success,Device deleted successfully.,
tip_delete_hue_device,Removing this device will remove other devices controlled by Philip Hue gateway. Are you sure to you want to remove them?,
today,Today,
toggle,Toggle,
touch_button,Touch Button,
transfer_administrator_permissions,Transfer Administrator Permissions,
transfer_administrator_permissions_tips,Transfer Your Administrator Permissions?,
trigger,Trigger,
trigger_by_arm_mode,"%@
Was Triggered",
trigger_lower,trigger,
trigger_message_arming_mode_custom,switch to %s Mode,
trigger_message_arming_mode_switch_to_away,switch to Away Mode,
trigger_message_arming_mode_switch_to_home,switch to Home Mode,
trigger_message_arming_mode_switch_to_night,switch to Night Mode,
trigger_message_arrive_at_time,Time has arrived at %s,
trigger_message_device_co_alarm,CO alarm,
trigger_message_device_co_alarm_recover,CO alarm recover,
trigger_message_device_door_close,door close,
trigger_message_device_door_open,door open,
trigger_message_device_gas_alarm,gas alarm,
trigger_message_device_gas_alarm_recover,gas alarm recover,
trigger_message_device_motion,motion detection,
trigger_message_device_shade_close,shade close,
trigger_message_device_shade_open,shade open,
trigger_message_device_smoke_alarm,smoke alarm,
trigger_message_device_smoke_alarm_recover,smoke alarm recover,
trigger_message_device_socket_off,socket off,
trigger_message_device_socket_on,socket on,
trigger_message_device_sos,SOS trigger,
trigger_message_device_water_alarm,water alarm,
trigger_message_device_water_alarm_recover,water alarm recover,
trigger_message_disarm,Alarm released,
trigger_message_weather_change_air_excellent,Air quality are excellent,
trigger_message_weather_change_air_good,Air quality are good,
trigger_message_weather_change_air_pollution,Air quality are pollution,
trigger_message_weather_change_cloud,The weather is cloud,
trigger_message_weather_change_humidity_equal,The humidity is equal to %f\%,
trigger_message_weather_change_humidity_less_than,The humidity is less than %f\%,
trigger_message_weather_change_humidity_more_than,The humidity is more than %f\%,
trigger_message_weather_change_pm25_excellent,PM2.5 indicators are excellent,
trigger_message_weather_change_pm25_good,PM2.5 indicators are good,
trigger_message_weather_change_pm25_pollution,PM2.5 indicators are pollution,
trigger_message_weather_change_sunny,The weather is sunny,
trigger_message_weather_change_temperature_equal,The temperature is equal to %f℃,
trigger_message_weather_change_temperature_less_than,The temperature is less than %f℃,
trigger_message_weather_change_temperature_more_than,The temperature is more than %f℃,
trigger_release,Trigger Release,
trigger_tips_datetime_sunrise,When everyday sunrise,
trigger_tips_datetime_sunset,When everyday sunset,
trigger_tips_datetime_time,When %s %s,
trigger_tips_device_battery_level,When %s %s battery level is %s %s,
trigger_tips_device_brightness,When %s %s brightness is %s %s,
trigger_tips_device_close,When %s %s close,
trigger_tips_device_ding,When %s ding,
trigger_tips_device_energy_consumption,When the %s energy consumption of %s is %s %s,
trigger_tips_device_humidity,When humidity of %s %s is %s %s,
trigger_tips_device_illuminance,When %s illuminance is %s %s,
trigger_tips_device_no_one_detected,When %s %s dectected no one,
trigger_tips_device_off,When %s %s turn off,
trigger_tips_device_on,When %s %s turn on,
trigger_tips_device_open,When %s %s open,
trigger_tips_device_physical_button,When %s the %s of the %s in the %s,
trigger_tips_device_play,When %s of %s play,
trigger_tips_device_preset_mode,When preset %s to %s mode,
trigger_tips_device_someone_detected,When %s %s dectected someone,
trigger_tips_device_stop,When %s of %s stop,
trigger_tips_device_tamper_alarm,When %s %s tamper alarm,
trigger_tips_device_tamper_alarm_release,When %s %s tamper alarm release,
trigger_tips_device_temperature,When temperature of %s %s is %s %s,
trigger_tips_device_trigger,When %s %s trigger,
trigger_tips_device_trigger_release,When %s %s trigger release,
trigger_tips_manual_click,When scene card is tapped,
trigger_tips_scene_auto_run,When %s %s auto-run,
trigger_tips_scene_run,When %s run,
trigger_tips_security,When %s mode %s,
trigger_tips_space_close,When %s %s of %s is close,
trigger_tips_space_energy_consumption,When the %@ energy consumption of %@ is %@ %@,
trigger_tips_space_humidity,When humidity of %s is %s %s,
trigger_tips_space_no_one_detected,When %s dectected no one,
trigger_tips_space_off,When %s %s of %s is turn off,
trigger_tips_space_on,When %s %s of %s is turn on,
trigger_tips_space_open,When %s %s of %s is open,
trigger_tips_space_play,When %s music player of %s is play,
trigger_tips_space_someone_detected,When %s dectected someone,
trigger_tips_space_stop,When %s music player of %s is stop,
trigger_tips_space_temperature,When temperature of %s is %s %s,
trigger_was,Was Triggered,
trust_this_website,"Your connection is not a private connection,if you want to continue,click continue to trust the website.",
trying_to_open_the_door,Trying to open the door…,
turn_off,Turn off,
turn_on,Turn on,
turn_on_bluetooth_first,Please turn on Bluetooth first.,
unable_modify_user_info,Unable to connect to your home center,
unable_operate_tips,"Existence of off-cloud devices,unable to operate account settings",
unbind_family_tips,Please note the following information:,
unbind_family_warning_one,%s can't control the devices in this home anymore,
unbind_family_warning_two,%s chat data will be deleted,
unbind_successful,Unbind Successful,
unbind_the_family,Unbind the family?,
unbind_whole_family,Unbind Whole Family,
unbind_whole_family_tips,"If you decide to detach from the family, please note the following information:",
unbind_whole_family_warning_one,You can't control the devices in this home anymore,
unbind_whole_family_warning_two,You will need to contact your installer to rebind the home,
unbundling_family,Unbind Family,
unbundling_family_dialog_sure_tips,"This action can't be undone.
please confirm to continue.",
unbundling_family_dialog_tips,"Choose %@ as administrator?
you will unbind this family and log out of the app.",
unbundling_family_no_sub_dialog_sure_tips,"This action can't be undone.
please confirm to continue.",
unbundling_family_no_sub_dialog_tips,"Your account will be unbind from
your family, please confirm to
continue.",
unbundling_family_select_tips,Please select an account as administrator first,
unknown,Unknown,
unlock_alarm,Door Status Alarm,
unlock_alarm_deal,Door status alarm has been dealt.,
unresolved_alarm_content,You have %1$s undealt alarm.,
update,Update,
updated_on_date,Updated on %s %d,
updating,Updating,
upgrade,Update Now,
upgrade_cancel,The upgrade is cancelled,
upgrade_device_tips,Upgrade your device to a new version?,
upload,Uploading…,
upload_failed,Upload failed.,
upload_success,Upload successfully.,
upload_to_the_cloud,Upload To The Cloud,
url,URL,
use_qrcode_to_login_tips,You can scan QR code to log in.,
user_agreement,User Agreement,
user_name,Username,
user_name_cannot_be_empty,Username cannot be empty.,
user_name_hint,Email / Username,
version,Version,
video,Video,
video_call,Video call,
video_call_failed,Video call not connected.,
video_call_time,Video call time %s,
video_quality_diagnosis,Video Quality Diagnosis,
voice,Voice,
voice_assitance,Voice Assitance,
voice_call,Voice call,
voice_input_tips,Release and send\nSwipe up to cancel sending,
voice_message,Voice Message,
volume,Volume,
volumn,Volume,
warm,Warm,
weather,Weather,
weather_cloudy,Cloudy,
weather_cloudy_lower,cloudy,
weather_foggy,Foggy,
weather_foggy_lower,foggy,
weather_rainy,Rainy,
weather_rainy_lower,rainy,
weather_snowy,Snowy,
weather_snowy_lower,snowy,
weather_sunny,Sunny,
weather_sunny_lower,sunny,
week,Week,
week_friday,Friday,
week_friday_abbreviation,Fri,
week_monday,Monday,
week_monday_abbreviation,Mon,
week_saturday,Saturday,
week_saturday_abbreviation,Sat,
week_sunday,Sunday,
week_sunday_abbreviation,Sun,
week_thursday,Thursday,
week_thursday_abbreviation,Thu,
week_tuesday,Tuesday,
week_tuesday_abbreviation,Tue,
week_wednesday,Wednesday,
week_wednesday_abbreviation,Wed,
weekday,Weekday,
weekdays,Weekdays,
weekdays_lower,weekdays,
weekend,Weekend,
weekends,Weekends,
weekends_lower,weekends,
weekly,Weekly,
weekly_empty_tips,Please select at least one day.,
when,When,
who_share_the_family,%s invites you to join his family.,
whole_house,Whole House,
whole_house_lower,whole house,
within_what_family,"Within %s family,",
workday,Workday,
ws_reconnect_tips,"Connecting, Please wait…",
yesterday,Yesterday,
your_email_tips,Please enter the corresponding email address to continue.,
zone_device_dramagnet_sensor,Dramagnet Sensor,
zone_device_infrared_sensor,Infrared Sensor,
zone_device_urgency_sensor,Urgency Sensor,
